latitude,longitude,hour,minute
42.3227667,-71.0782019,0,24
42.2997761,-71.1023192,1,4
42.3443581,-71.0671988,1,19
42.3439018,-71.0717021,1,20
42.2996668,-71.1014603,22,33
42.335058,-71.1679061,14,51
42.3579884,-71.0583858,2,25
42.3579884,-71.0583858,2,52
42.32267,-71.0781786,3,28
42.32267,-71.0781786,9,33
42.3229889,-71.0781509,9,39
42.3231025,-71.0781681,10,24
42.3229299,-71.0781786,10,28
42.3226926,-71.0782019,10,33
42.3229917,-71.0780882,20,44
42.3226434,-71.0779582,12,21
42.3348088,-71.0354418,11,28
42.3396237,-71.0467705,11,33
42.3341117,-71.0656319,11,38
42.3340481,-71.0752148,11,43
42.3202192,-71.0895063,11,48
42.3199333,-71.0888099,11,52
42.3198092,-71.0890072,11,57
42.319952,-71.0888099,12,2
42.3199333,-71.0888099,12,8
42.3168089,-71.0827978,12,13
42.3227629,-71.0781786,12,35
42.3226926,-71.0782019,13,23
42.3228556,-71.0781786,22,8
42.3229631,-71.0781554,13,48
42.3226554,-71.0782019,1,32
42.3485838,-71.0717253,1,26
42.3579969,-71.0583777,2,59
42.2999172,-71.1019477,3,19
42.299725,-71.1016925,5,9
42.3230561,-71.0781554,17,44
42.3229631,-71.0781554,6,53
42.3230886,-71.0782095,7,49
42.3226885,-71.0781786,18,40
42.3229844,-71.0781456,9,38
42.3229388,-71.0784628,9,44
42.3230301,-71.0781669,11,23
42.3231443,-71.0779882,20,24
42.3227072,-71.0781786,13,9
42.3230392,-71.0781528,22,14
42.3229844,-71.0781456,14,33
42.3230689,-71.0779688,16,4
42.3579712,-71.0583892,4,26
42.3226599,-71.0781899,5,33
42.3226885,-71.0781786,17,11
42.3226885,-71.0781786,6,44
42.3227186,-71.0780671,6,45
42.3226739,-71.0782019,18,11
42.3304168,-71.0523188,3,1
42.3303559,-71.0521795,3,2
42.3304089,-71.0522723,3,32
42.3305162,-71.0522491,3,34
42.3304009,-71.0522259,3,37
42.3318338,-71.052191,7,12
42.3303981,-71.0523188,7,31
42.3318338,-71.052191,7,34
42.3304314,-71.0522955,7,44
42.3232811,-71.0781239,19,36
42.3233738,-71.078103,19,53
42.3229406,-71.0781322,11,28
42.32267,-71.0781786,21,8
42.3229473,-71.0779965,21,29
42.3233517,-71.0783642,0,25
42.3228423,-71.0783178,0,38
42.3229844,-71.0781456,1,54
42.3233766,-71.0783496,15,35
42.3579677,-71.0584241,5,18
42.3226885,-71.0781786,17,33
42.323147,-71.0782471,8,20
42.32267,-71.0781786,8,20
42.3229236,-71.0781006,20,59
42.3226739,-71.0782019,21,41
42.2996494,-71.102176,0,23
42.3229929,-71.0781669,13,53
42.3579712,-71.0583892,2,18
42.2999713,-71.1021567,23,46
42.3582407,-71.0589347,3,10
42.334577,-71.0761512,15,40
42.3579884,-71.0583858,4,27
42.3579884,-71.0583858,5,31
42.3583414,-71.0589813,5,41
42.3229929,-71.0781669,6,42
42.3230144,-71.0781016,6,59
42.3230246,-71.0782311,7,24
42.3412775,-71.0766118,23,4
42.3426009,-71.077784,23,9
42.3427551,-71.0790143,23,14
42.3410799,-71.077575,23,20
42.342156,-71.0785499,23,25
42.3415636,-71.079049,23,29
42.3408394,-71.078341,23,34
42.3400406,-71.0762171,23,40
42.3412405,-71.0735129,0,5
42.3412405,-71.0735129,0,5
42.2993018,-71.1020987,0,56
42.2998448,-71.1014139,22,32
42.3226666,-71.0782134,22,58
42.3229406,-71.0781322,0,39
42.2997231,-71.1022263,1,6
42.3228732,-71.0781765,22,39
42.323101,-71.0783111,1,33
42.3485838,-71.0717253,1,26
42.3579884,-71.0583858,2,38
42.3230003,-71.0781554,15,33
42.3229844,-71.0781456,3,19
42.3229631,-71.0781554,4,54
42.2996211,-71.1017917,4,53
42.3579864,-71.0584241,3,33
42.3229631,-71.0781554,16,13
42.3229844,-71.0781456,8,48
42.3232475,-71.0781543,19,6
42.3231435,-71.0782148,11,44
42.3229406,-71.0781322,20,54
42.3229631,-71.0781554,16,39
42.32267,-71.0781786,7,12
42.3231847,-71.0782739,8,16
42.3227965,-71.0782708,14,9
42.32267,-71.0781786,23,33
42.3579884,-71.0583858,3,40
42.3229655,-71.0780528,9,54
42.3238947,-71.0780937,21,58
42.323269,-71.0781978,21,58
42.3230961,-71.0781061,21,59
42.3346155,-71.054942,22,58
42.3341661,-71.0545937,23,0
42.3321478,-71.05305,23,2
42.3317851,-71.0528296,23,4
42.3329464,-71.051042,23,8
42.3336663,-71.0499857,23,11
42.3336425,-71.0498465,23,11
42.3339019,-71.0497884,23,16
42.3337787,-71.0493937,23,16
42.3337787,-71.0493937,23,19
42.3341726,-71.0494171,23,21
42.3234366,-71.0787355,2,58
42.3504825,-71.0907551,3,40
42.3499754,-71.0926271,3,41
42.3494616,-71.0988115,3,43
42.3494616,-71.0988115,3,43
42.3494616,-71.0988115,3,43
42.3503211,-71.1003659,3,44
42.3506549,-71.0985141,3,44
42.3505418,-71.0966618,3,44
42.3503424,-71.094879,3,45
42.3504251,-71.0932702,3,45
42.3231278,-71.0781365,16,14
42.3229635,-71.0778888,17,19
42.3226885,-71.0781786,6,45
42.3230952,-71.078194,7,44
42.3226885,-71.0781786,18,54
42.3229406,-71.0781322,19,7
42.334577,-71.0761512,10,38
42.334577,-71.0761512,10,50
42.3232242,-71.0778273,22,18
42.2995475,-71.1025049,22,32
42.3485838,-71.0717253,1,26
42.3230938,-71.0782357,2,40
42.32267,-71.0781786,3,4
42.32267,-71.0781786,3,26
42.2996211,-71.1017917,3,21
42.3229631,-71.0781554,15,50
42.3515439,-71.063299,4,10
42.3515623,-71.063299,4,13
42.3516114,-71.0633685,4,38
42.3515623,-71.063299,4,40
42.3517244,-71.0628347,4,42
42.3524553,-71.0621151,4,44
42.3526401,-71.0610241,4,46
42.3540878,-71.0596661,4,48
42.3548797,-71.0597937,4,50
42.3558693,-71.0613491,4,52
42.3579969,-71.0583777,4,53
42.3226885,-71.0781786,16,48
42.2997092,-71.1015996,4,59
42.3322445,-71.0489992,17,9
42.3320413,-71.0497652,17,11
42.3316551,-71.0490025,17,13
42.3322108,-71.0499974,17,15
42.3322414,-71.050067,17,17
42.3324842,-71.0498581,17,20
42.3328982,-71.0493473,17,22
42.3328875,-71.0493937,17,24
42.3330348,-71.0493982,17,42
42.3328875,-71.0493937,17,45
42.3228222,-71.078092,12,41
42.3229662,-71.0780815,19,38
42.3229485,-71.0781786,10,29
42.3229117,-71.078094,20,43
42.3223488,-71.0775455,12,40
42.3230865,-71.0781741,12,48
42.3227442,-71.0781786,22,18
42.3226926,-71.0782019,1,17
42.3230628,-71.0783187,23,49
42.3226739,-71.0782019,3,55
42.3229929,-71.0781669,4,1
42.3579931,-71.0583544,3,53
42.3226885,-71.0781786,4,3
42.3226885,-71.0781786,17,2
42.3226599,-71.0781899,8,38
42.3328875,-71.0493937,17,47
42.3328948,-71.0493822,18,21
42.3330348,-71.0493982,18,23
42.3328948,-71.0493822,18,25
42.3328875,-71.0493937,18,32
42.3328982,-71.0493473,18,48
42.3328875,-71.0493937,18,50
42.3330348,-71.0493982,18,55
42.3328875,-71.0493937,19,0
42.3328836,-71.0493705,19,6
42.3229558,-71.0781669,13,58
42.3226599,-71.0781899,22,33
42.2994698,-71.101889,22,40
42.2996893,-71.1014836,22,42
42.3414313,-71.0719111,0,35
42.3413315,-71.0733387,0,44
42.3305982,-71.0526206,1,44
42.3514934,-71.0719384,1,49
42.3304207,-71.052342,1,54
42.3514934,-71.0719384,1,59
42.3304061,-71.0523652,2,4
42.3304076,-71.0521562,2,9
42.3514934,-71.0719384,2,14
42.3303863,-71.0522491,2,44
42.3229631,-71.0781554,16,43
42.3226599,-71.0781899,5,31
42.3600312,-71.0597473,5,52
42.3230481,-71.078109,17,40
42.3226885,-71.0781786,18,33
42.3233468,-71.0784959,8,9
42.32267,-71.0781786,8,19
42.3227175,-71.0782543,19,27
42.3227483,-71.0782019,13,3
42.3233067,-71.0783178,0,28
42.3583824,-71.0590045,1,45
42.3226739,-71.0782019,0,4
42.3583068,-71.0592133,3,17
42.3579884,-71.0583858,3,41
42.3222641,-71.0784077,16,29
42.3582248,-71.058842,4,51
42.2833557,-71.0441056,18,2
42.3226666,-71.0782134,21,55
42.3579884,-71.0583858,5,6
42.32267,-71.0781786,9,48
42.3226739,-71.0782019,9,53
42.3232979,-71.0785109,18,11
42.3228895,-71.0782134,18,19
42.3226885,-71.0781786,8,0
42.3226885,-71.0781786,10,12
42.3228496,-71.0781318,10,39
42.3229583,-71.078087,11,14
42.3229818,-71.0781554,11,58
42.3229818,-71.0781554,12,21
42.322985,-71.0779477,21,14
42.3229406,-71.0781322,21,33
42.3230217,-71.0780733,21,44
42.3229754,-71.0781172,21,51
42.3226739,-71.0782019,0,52
42.323078,-71.0780882,22,19
42.3226885,-71.0781786,22,23
42.3228962,-71.0780822,14,59
42.3579969,-71.0583777,2,9
42.3229631,-71.0781554,15,23
42.340646,-71.1508198,2,59
42.340646,-71.1508198,2,59
42.3410997,-71.1500682,2,59
42.3414584,-71.1489477,2,59
42.3415233,-71.1480744,2,59
42.3415388,-71.1471317,3,0
42.3421295,-71.1446247,3,0
42.3421295,-71.1446247,3,0
42.3421295,-71.1446247,3,0
42.3426625,-71.1437541,3,0
42.32267,-71.0781786,3,48
42.3230506,-71.0781679,3,49
42.3582207,-71.0588188,4,15
42.3579884,-71.0583858,4,20
42.3227179,-71.0783321,16,29
42.322971,-71.0782019,17,1
42.3229631,-71.0781554,6,6
42.3226885,-71.0781786,6,44
42.32267,-71.0781786,7,3
42.3231497,-71.0781523,8,14
42.3247928,-71.0562167,20,42
42.3242651,-71.0557476,20,42
42.3102386,-71.0533471,20,44
42.3102386,-71.0533471,20,44
42.3038732,-71.0522566,20,44
42.30091,-71.04896,20,45
42.3002065,-71.0484678,20,45
42.2997481,-71.0482286,20,45
42.2949632,-71.0457126,20,45
42.2900193,-71.0435896,20,46
42.32267,-71.0781786,21,18
42.3227667,-71.0782019,0,24
42.3224056,-71.0783927,22,29
42.3230274,-71.07821,2,32
42.3232975,-71.0784393,4,47
42.3221599,-71.0773662,2,38
42.3221003,-71.077343,2,45
42.3221289,-71.0772384,3,4
42.3221958,-71.0772501,3,23
42.3221374,-71.077343,3,29
42.32214,-71.0772501,3,58
42.3221362,-71.0772269,4,5
42.3221029,-71.0772501,4,12
42.3220511,-71.0772732,4,17
42.3221216,-71.0772501,4,54
42.3579884,-71.0583858,5,11
42.3229631,-71.0781554,8,43
42.3231201,-71.0781045,19,24
42.2996494,-71.102176,0,47
42.322849,-71.0782483,1,24
42.3226739,-71.0782019,17,8
42.3231225,-71.078167,7,37
42.3229845,-71.0781014,8,4
42.3231411,-71.0782399,8,19
42.3230805,-71.0782072,9,59
42.3226885,-71.0781786,10,24
42.3229777,-71.0781322,11,49
42.3229117,-71.078094,20,48
42.3226599,-71.0781899,21,38
42.3226739,-71.0782019,1,6
42.2995041,-71.1022495,1,26
42.2996101,-71.1017272,1,27
42.3230896,-71.0782883,23,29
42.3233333,-71.0781756,23,34
42.3229631,-71.0781554,5,30
42.3229412,-71.0781368,6,12
42.3230815,-71.0782862,8,29
42.3231273,-71.0783086,9,29
42.3227072,-71.0781786,19,11
42.3229406,-71.0781322,10,48
42.3230758,-71.0782715,23,23
42.3579969,-71.0583777,4,21
42.3222641,-71.0784077,16,29
42.3230076,-71.0781437,4,41
42.3579924,-71.0583843,4,34
42.3233334,-71.0781073,19,19
42.3328875,-71.0493937,22,11
42.3329207,-71.0493705,23,36
42.3328875,-71.0493937,23,38
42.3318338,-71.052191,0,9
42.3329166,-71.0493473,0,11
42.3350242,-71.0519614,0,13
42.3445898,-71.0416169,0,16
42.3460715,-71.0433348,0,18
42.3461512,-71.043149,0,20
42.3462439,-71.043149,0,22
42.323072,-71.0781552,22,54
42.3230456,-71.078149,23,6
42.3234366,-71.0787355,2,58
42.322711,-71.0782019,23,53
42.3579884,-71.0583858,3,55
42.3579823,-71.0584009,5,25
42.3230642,-71.0781986,17,8
42.3230993,-71.0781897,7,42
42.334577,-71.0761512,18,22
42.3226926,-71.0782019,13,23
42.3232069,-71.0781162,22,19
42.3228384,-71.0782947,0,3
42.3462439,-71.043149,0,24
42.3382116,-71.0437596,0,41
42.3462366,-71.0431606,0,43
42.3462439,-71.043149,1,14
42.3461271,-71.0433348,3,2
42.3460954,-71.0434741,3,5
42.3460821,-71.0432884,3,11
42.3460748,-71.0432999,3,17
42.3460699,-71.0438688,3,19
42.3462162,-71.0429865,3,21
42.3230815,-71.0781691,4,6
42.3583579,-71.0591321,5,35
42.3226739,-71.0782019,17,15
42.3226885,-71.0781786,17,59
42.32267,-71.0781786,7,23
42.3233468,-71.0784959,8,9
42.3230551,-71.0783386,8,54
42.322881,-71.078109,19,45
42.3226739,-71.0782019,11,9
42.3232919,-71.0780614,21,57
42.2993432,-71.1025049,23,19
42.3229844,-71.0781456,4,26
42.3579969,-71.0583777,4,39
42.3229631,-71.0781554,6,23
42.3229897,-71.0782019,18,9
42.3231354,-71.0782423,8,21
42.334577,-71.0761512,10,21
42.334577,-71.0761512,10,26
42.334577,-71.0761512,10,33
42.3227629,-71.0781786,0,27
42.334577,-71.0761512,12,48
42.334577,-71.0761512,13,1
42.334577,-71.0761512,13,13
42.3233105,-71.078341,1,40
42.3228926,-71.0781267,0,5
42.3229631,-71.0781554,15,36
42.3226739,-71.0782019,6,21
42.3230964,-71.0783453,7,29
42.3226885,-71.0781786,13,34
42.3579884,-71.0583858,2,16
42.3230833,-71.0781918,4,3
42.3230093,-71.0781883,4,19
42.3230969,-71.0782967,17,25
42.3232538,-71.0783683,18,13
42.3229333,-71.0781437,18,41
42.3232483,-71.0785653,9,23
42.3230989,-71.0780733,21,41
42.3230081,-71.0781748,23,6
42.3231326,-71.0781935,15,4
42.3230509,-71.0781873,2,26
42.3226739,-71.0782019,16,59
42.3579884,-71.0583858,4,58
42.3614728,-71.0636239,5,53
42.3229339,-71.0782019,17,32
42.3229333,-71.0781011,6,54
42.3229737,-71.0781334,7,4
42.3235591,-71.0785172,18,10
42.3226739,-71.0782019,8,33
42.3228421,-71.078193,10,19
42.3226885,-71.0781786,10,45
42.3229406,-71.0781322,0,32
42.3227072,-71.0781786,22,43
42.3226739,-71.0782019,23,13
42.3579884,-71.0583858,2,50
42.323092,-71.0782816,4,28
42.3579925,-71.0583836,4,40
42.3563607,-71.0621614,4,54
42.3565557,-71.061999,4,57
42.3564549,-71.0619526,4,59
42.3564403,-71.0619758,5,3
42.3561949,-71.0622775,5,5
42.3553555,-71.0629043,5,7
42.3517276,-71.0641579,5,10
42.3522762,-71.0620455,5,12
42.3523233,-71.0581919,5,14
42.3501072,-71.0568455,5,16
42.3229437,-71.0779812,11,4
42.3229406,-71.0781322,20,18
42.3583852,-71.0590199,1,40
42.3230003,-71.0781554,2,18
42.3226599,-71.0781899,14,59
42.3579884,-71.0583858,3,4
42.3520847,-71.1245842,3,4
42.3520386,-71.1231304,3,5
42.3520386,-71.1231304,3,5
42.3520386,-71.1231304,3,5
42.3516822,-71.1212674,3,5
42.3516664,-71.1211623,3,5
42.3515765,-71.120192,3,5
42.351547,-71.1186902,3,5
42.351547,-71.1186902,3,5
42.351547,-71.1186902,3,5
42.3229631,-71.0781554,15,43
42.3229929,-71.0781669,15,59
42.3582042,-71.0586678,4,8
42.3229631,-71.0781554,16,38
42.3238977,-71.0781169,4,59
42.2996211,-71.1017917,5,19
42.3229406,-71.0781322,17,22
42.3232937,-71.0782708,6,43
42.3229929,-71.0781669,7,41
42.3230957,-71.0781622,8,44
42.323211,-71.0780137,9,9
42.32267,-71.0781786,9,43
42.2795259,-71.1140406,17,17
42.2796605,-71.1145458,17,24
42.2794075,-71.1141103,17,27
42.2797967,-71.1139942,17,46
42.2789232,-71.1206557,17,49
42.2766357,-71.1250713,17,51
42.2856538,-71.1375989,17,54
42.2871731,-71.1499808,17,56
42.2900337,-71.1531952,17,58
42.2931815,-71.1623159,18,30
42.2957924,-71.1578253,18,33
42.2955863,-71.1584171,18,37
42.2980481,-71.1294406,19,9
42.2923289,-71.1236266,19,11
42.3231066,-71.0781827,19,28
42.3231932,-71.078137,10,4
42.3228518,-71.0781554,20,33
42.334577,-71.0761512,11,39
42.334577,-71.0761512,11,46
42.3227072,-71.0781786,12,58
42.3226739,-71.0782019,13,19
42.3226554,-71.0782019,1,40
42.3229631,-71.0781554,16,49
42.3638649,-71.0536767,5,58
42.3229631,-71.0781554,7,43
42.334577,-71.0761512,8,30
42.334577,-71.0761512,8,35
42.3226885,-71.0781786,10,7
42.3229818,-71.0781554,12,8
42.3226885,-71.0781786,21,59
42.3229929,-71.0781669,14,4
42.2996674,-71.1015183,1,5
42.2995942,-71.1023424,1,24
42.3221216,-71.0772501,4,54
42.3240106,-71.0760145,10,59
42.3244056,-71.075059,11,15
42.3221216,-71.0772501,11,18
42.3236533,-71.0759966,11,38
42.3387827,-71.0773313,12,3
42.3388828,-71.0773198,21,34
42.3280713,-71.0682087,21,45
42.3275365,-71.0613257,22,16
42.326078,-71.0648542,22,47
42.32267,-71.0781786,23,33
42.3232785,-71.0781954,23,33
42.3000863,-71.1025049,23,36
42.2997092,-71.1015996,2,43
42.3230076,-71.0781437,4,11
42.2996211,-71.1017917,5,17
42.3230179,-71.078193,8,39
42.3229743,-71.0781889,19,3
42.3229479,-71.0781205,0,10
42.3230319,-71.0781078,22,34
42.3229929,-71.0781669,14,13
42.3230635,-71.0782328,15,0
42.3226739,-71.0782019,0,4
42.3229127,-71.0781385,0,5
42.3229526,-71.0782019,16,56
42.3226739,-71.0782019,17,17
42.3226885,-71.0781786,17,23
42.334577,-71.0761512,18,22
42.32267,-71.0781786,9,23
42.3232283,-71.0782947,0,31
42.332869,-71.0493937,7,13
42.3328875,-71.0493937,7,15
42.332869,-71.0493937,7,17
42.3328875,-71.0493937,7,19
42.332869,-71.0493937,8,16
42.3328836,-71.0493705,8,29
42.3328875,-71.0493937,8,33
42.3328948,-71.0493822,9,53
42.3328875,-71.0493937,9,59
42.3329207,-71.0493705,13,8
42.3583452,-71.0579714,1,11
42.3009362,-71.054895,20,36
42.3013377,-71.0544251,22,26
42.2993752,-71.1023656,22,35
42.334577,-71.0761512,1,1
42.3229268,-71.078094,22,44
42.3579884,-71.0583858,1,49
42.323027,-71.0781897,3,42
42.2996211,-71.1017917,5,1
42.3230003,-71.0781554,8,8
42.3365475,-71.1684821,18,41
42.3226739,-71.0782019,9,58
42.3230779,-71.0782074,19,54
42.3229631,-71.0781554,13,38
42.3232282,-71.0780844,22,24
42.3229631,-71.0781554,14,53
42.3511934,-71.0882871,3,23
42.351561,-71.0869274,3,25
42.351561,-71.0869274,3,25
42.3516662,-71.0868882,3,28
42.3519053,-71.0860801,3,29
42.3524908,-71.0835238,3,32
42.3524908,-71.0835238,3,32
42.3519521,-71.0853963,3,39
42.3514525,-71.087208,3,39
42.350968,-71.0889669,3,39
42.32267,-71.0781786,5,52
42.3230992,-71.0782998,17,25
42.322534,-71.0781033,7,27
42.3229717,-71.0782014,18,34
42.32267,-71.0781786,9,28
42.3226739,-71.0782019,19,35
42.3229406,-71.0781322,11,40
42.3229169,-71.0780118,21,39
42.3228,-71.0781786,13,14
42.339319,-71.166508,0,35
42.338711,-71.1668447,0,36
42.338711,-71.1668447,0,36
42.3386335,-71.1677217,0,36
42.3382309,-71.1686886,0,36
42.3368423,-71.1683681,0,37
42.3368423,-71.1683681,0,37
42.3368423,-71.1683681,0,37
42.3524905,-71.0680809,1,5
42.323073,-71.0781511,23,54
42.3229846,-71.0781622,15,19
42.3229844,-71.0781456,5,17
42.3230748,-71.0780135,7,13
42.3228977,-71.0781952,18,27
42.32267,-71.0781786,8,18
42.3123064,-71.0612098,13,7
42.3122043,-71.0610473,13,12
42.3122508,-71.0612098,13,17
42.3121725,-71.0611866,14,57
42.3122879,-71.0612098,15,2
42.3122838,-71.0611866,15,8
42.3122123,-71.0610937,18,28
42.3193681,-71.0567758,18,32
42.3294364,-71.057774,18,37
42.3463708,-71.0479081,18,42
42.3226885,-71.0781786,10,8
42.3230793,-71.0781914,10,34
42.3228857,-71.0780405,21,4
42.3227459,-71.0780291,12,40
42.3226739,-71.0782019,21,53
42.299767,-71.1021567,0,22
42.3226739,-71.0782019,0,58
42.334577,-71.0761512,21,50
42.3579884,-71.0583858,2,26
42.3579884,-71.0583858,2,57
42.3508784,-71.0894147,3,16
42.3508781,-71.0894154,3,16
42.3507466,-71.0896801,3,16
42.3507404,-71.0896932,3,16
42.350711,-71.0898688,3,17
42.3505081,-71.0896382,3,17
42.3505267,-71.0896493,3,17
42.3508137,-71.0897669,3,20
42.3508431,-71.0894871,3,21
42.3509943,-71.0890259,3,22
42.32267,-71.0781786,3,34
42.3226885,-71.0781786,3,35
42.3580083,-71.0583892,3,28
42.3229929,-71.0781669,16,8
42.3229631,-71.0781554,4,18
42.3579823,-71.0584009,5,32
42.3583532,-71.0590508,5,43
42.3229406,-71.0781322,17,38
42.3230003,-71.0781554,8,23
42.3229936,-71.0782251,19,53
42.3228146,-71.0781554,10,59
42.3226739,-71.0782019,21,13
42.3230969,-71.0782873,12,54
42.3231178,-71.0782095,14,44
42.3229631,-71.0781554,15,3
42.3573488,-71.0591427,3,20
42.3229631,-71.0781554,16,23
42.3579969,-71.0583777,4,46
42.3528674,-71.1301208,4,39
42.3516618,-71.1301132,4,41
42.3505744,-71.1313719,4,46
42.3505744,-71.1313719,4,46
42.3231096,-71.0782431,17,54
42.32267,-71.0781786,19,4
42.3229406,-71.0781322,13,29
42.3231222,-71.0783189,13,54
42.3229631,-71.0781554,14,3
42.3526835,-71.0711683,1,4
42.3228724,-71.0781918,22,30
42.3591637,-71.0595036,1,12
42.3229631,-71.0781554,14,39
42.3226926,-71.0782019,23,8
42.3579884,-71.0583858,2,4
42.3228919,-71.0781306,16,24
42.2996211,-71.1017917,5,11
42.3226739,-71.0782019,17,6
42.3232016,-71.0781114,19,4
42.3232016,-71.0781114,19,4
42.3229652,-71.0779633,11,3
42.3226885,-71.0781786,11,3
42.3269275,-71.058213,20,42
42.3233478,-71.078341,0,25
42.3227037,-71.0782134,13,18
42.3226885,-71.0781786,1,5
42.334577,-71.0761512,13,39
42.334577,-71.0761512,13,52
42.3229631,-71.0781554,14,28
42.3226599,-71.0781899,15,18
42.3582757,-71.0590857,3,12
42.3229631,-71.0781554,16,18
42.3229856,-71.0781786,16,33
42.323064,-71.0782019,17,14
42.3230408,-71.0781832,10,12
42.3341218,-71.1627909,0,39
42.3336431,-71.1653422,0,39
42.3335651,-71.1663974,0,39
42.3334649,-71.167234,0,39
42.323376,-71.078345,1,15
42.3582297,-71.0585014,1,38
42.3226739,-71.0782019,23,28
42.3230697,-71.0781897,5,31
42.3226885,-71.0781786,17,26
42.3229631,-71.0781554,6,58
42.3229905,-71.0782256,9,49
42.323052,-71.0781322,10,3
42.322922,-71.0781322,19,48
42.3226666,-71.0782134,20,3
42.3229672,-71.0781786,11,38
42.3328875,-71.0493937,19,8
42.3328836,-71.0493705,19,39
42.3328875,-71.0493937,19,47
42.3328982,-71.0493473,20,3
42.3328875,-71.0493937,20,9
42.3328836,-71.0493705,21,15
42.3330348,-71.0493982,21,17
42.3328875,-71.0493937,21,19
42.3328795,-71.0493473,21,51
42.3328875,-71.0493937,21,55
42.3229631,-71.0781554,14,58
42.3579969,-71.0583777,2,11
42.3229844,-71.0781456,2,39
42.3579903,-71.0584473,3,20
42.3580083,-71.0583892,3,27
42.3229844,-71.0781456,5,22
42.299512,-71.102296,5,29
42.322985,-71.0781205,6,19
42.3231025,-71.0781681,10,24
42.3230154,-71.07862,10,44
42.3031186,-71.0546328,18,59
42.3042601,-71.0539357,19,0
42.3043384,-71.053476,19,0
42.3040944,-71.0541438,19,0
42.3044336,-71.0551085,19,0
42.3046441,-71.0561434,19,0
42.3052831,-71.056938,19,0
42.3056462,-71.0576318,19,0
42.3060374,-71.0575699,19,1
42.3075904,-71.0583743,19,1
42.3083507,-71.0584498,19,2
42.3089432,-71.0581805,19,2
42.3093074,-71.0579637,19,2
42.309773,-71.0578472,19,2
42.3103268,-71.0576923,19,2
42.3110723,-71.0576321,19,3
42.3114838,-71.0576402,19,4
42.3123062,-71.0575218,19,5
42.3129459,-71.056968,19,6
42.3136798,-71.0570766,19,6
42.3144546,-71.0569152,19,6
42.3152168,-71.0564889,19,6
42.3159314,-71.0567241,19,6
42.3163378,-71.0566225,19,6
42.3167198,-71.0566954,19,6
42.3170898,-71.0566807,19,6
42.3179172,-71.0566994,19,7
42.3183261,-71.0567644,19,7
42.3187279,-71.0564763,19,7
42.3188937,-71.0558612,19,8
42.3189791,-71.0549805,19,8
42.3189894,-71.0542407,19,8
42.318996,-71.0533761,19,8
42.319153,-71.0528621,19,8
42.318826,-71.0523162,19,12
42.3183709,-71.0523145,19,13
42.3177884,-71.0525853,19,13
42.317048,-71.0520724,19,13
42.3165627,-71.0516344,19,13
42.3161021,-71.0522784,19,13
42.315558,-71.0523207,19,13
42.3135196,-71.0526655,19,13
42.3122104,-71.0533296,19,14
42.3117116,-71.0539333,19,14
42.311373,-71.0535802,19,14
42.3109912,-71.0530249,19,14
42.3114515,-71.0528239,19,14
42.3123521,-71.0523519,19,15
42.312689,-71.0514859,19,15
42.3129181,-71.0507772,19,15
42.3125208,-71.0500278,19,15
42.3125151,-71.0486546,19,15
42.3126124,-71.0475839,19,15
42.3123841,-71.0466585,19,15
42.3125857,-71.045994,19,16
42.3099918,-71.0453679,19,17
42.3049008,-71.0474858,19,17
42.3010613,-71.0495961,19,18
42.3015262,-71.0500439,19,19
42.3016011,-71.0506021,19,19
42.301436,-71.0512785,19,19
42.3011514,-71.0517418,19,19
42.3003916,-71.0520027,19,19
42.2999516,-71.0516946,19,19
42.3003083,-71.053433,19,20
42.3007585,-71.0542364,19,20
42.3011838,-71.0547455,19,20
42.3013781,-71.0549425,20,16
42.30409,-71.0540931,20,16
42.3046253,-71.0546602,20,16
42.3031831,-71.052245,20,16
42.3027429,-71.0514467,20,17
42.3011873,-71.0496512,20,17
42.3098799,-71.0453907,20,19
42.3195982,-71.0499467,20,22
42.3201799,-71.0504656,20,22
42.3201335,-71.0510581,20,23
42.3193767,-71.0508037,20,23
42.3188124,-71.0512294,20,24
42.3189498,-71.0507657,20,24
42.318595,-71.049999,20,28
42.3165235,-71.0488014,20,29
42.3148413,-71.0484448,20,29
42.3134073,-71.0479597,20,31
42.3140524,-71.047468,20,31
42.3123793,-71.0462197,20,32
42.3102638,-71.0454689,20,33
42.3044711,-71.0477102,20,33
42.3010851,-71.0496812,20,34
42.3013248,-71.051377,20,34
42.3009709,-71.0520447,20,34
42.3004,-71.0520028,20,34
42.2999706,-71.0517754,20,34
42.3001885,-71.0528398,20,34
42.3006293,-71.0538532,20,35
42.3008875,-71.0545521,20,35
42.3013767,-71.0548416,20,36
42.3233881,-71.0783276,22,13
42.3568532,-71.062057,1,13
42.32267,-71.0781786,2,3
42.3579823,-71.0584009,2,19
42.3234366,-71.0783565,15,24
42.3226853,-71.0781049,0,5
42.3230891,-71.0781827,15,29
42.3229631,-71.0781554,16,28
42.358203,-71.0585517,5,19
42.3230606,-71.0781796,5,32
42.3579884,-71.0583858,5,24
42.3229406,-71.0781322,18,25
42.3231491,-71.078284,8,58
42.3230805,-71.0782072,9,59
42.3226669,-71.0776825,20,54
42.3229818,-71.0781554,12,13
42.3230003,-71.0781452,12,29
42.3229465,-71.0780527,21,19
42.323089,-71.0781318,22,4
42.3229007,-71.0782251,13,24
42.3230596,-71.0782153,14,24
42.32267,-71.0781786,3,54
42.3229631,-71.0781554,4,12
42.3579969,-71.0583777,4,33
42.3228841,-71.0782644,17,3
42.2997591,-71.1021102,5,18
42.3226587,-71.0781669,17,43
42.3231411,-71.0782399,8,19
42.3229631,-71.0781554,9,13
42.3229268,-71.0781562,20,9
42.3226885,-71.0781786,11,19
42.3229631,-71.0781554,13,44
42.3589626,-71.0597937,1,12
42.3221228,-71.0773662,2,2
42.3221413,-71.0773662,2,5
42.322166,-71.0772384,2,11
42.3221733,-71.0772269,2,18
42.3221222,-71.0773081,2,21
42.32214,-71.0772501,2,23
42.3221295,-71.0772966,2,25
42.3221997,-71.0772732,2,27
42.3221784,-71.0773662,2,29
42.3221587,-71.0772501,2,36
42.3491619,-71.0914975,3,46
42.3491789,-71.0914954,3,46
42.3525242,-71.0842182,3,53
42.3502898,-71.0853889,3,53
42.3502898,-71.0853889,3,53
42.3502898,-71.0853889,3,53
42.3503012,-71.0850785,3,54
42.3496354,-71.0871011,4,11
42.3492434,-71.0888588,4,11
42.3491924,-71.0905781,4,11
42.3231545,-71.0781363,19,49
42.3227629,-71.0781786,12,40
42.3227629,-71.0781786,0,29
42.357789,-71.0580294,1,10
42.3587016,-71.0579947,1,11
42.3588982,-71.0586563,1,33
42.3229856,-71.0781786,14,14
42.358389,-71.0592597,3,10
42.3229411,-71.0783661,4,56
42.32267,-71.0781786,5,8
42.3226885,-71.0781786,18,20
42.3234045,-71.0788437,9,23
42.3229406,-71.0781322,19,6
42.3230221,-71.078188,10,0
42.3226926,-71.0782019,10,11
42.3232274,-71.0780628,10,28
42.334577,-71.0761512,11,19
42.3469902,-71.0287467,9,34
42.3469699,-71.0287324,9,37
42.3469902,-71.0287467,9,44
42.3463402,-71.0306459,10,53
42.3469902,-71.0287467,10,57
42.3465524,-71.0288949,11,7
42.3469435,-71.028686,11,12
42.3456161,-71.0367649,11,17
42.343911,-71.0358332,11,20
42.3349738,-71.0359177,11,22
42.3229818,-71.0781554,12,14
42.3227256,-71.0781786,21,28
42.3233881,-71.0783276,21,54
42.3579884,-71.0583858,1,51
42.3229406,-71.0781322,16,54
42.322253,-71.0777718,16,55
42.2996211,-71.1017917,5,23
42.3227763,-71.0780358,6,0
42.3328875,-71.0493937,13,10
42.3328948,-71.0493822,15,22
42.3328875,-71.0493937,15,24
42.332869,-71.0493937,15,31
42.3328875,-71.0493937,15,33
42.3330348,-71.0493982,16,20
42.3328875,-71.0493937,16,23
42.3328982,-71.0493473,16,56
42.3328875,-71.0493937,16,58
42.3329166,-71.0493473,17,7
42.3229818,-71.0781554,11,50
42.3226739,-71.0782019,0,17
42.3771194,-71.0532535,0,59
42.3230177,-71.0782156,13,59
42.3526835,-71.0711683,1,4
42.3583062,-71.0605133,1,31
42.3226183,-71.0782019,22,53
42.3576276,-71.0588767,1,55
42.3230351,-71.0782847,14,49
42.3579884,-71.0583858,3,4
42.3582156,-71.0586795,4,13
42.3229637,-71.0782134,17,21
42.3226739,-71.0782019,17,20
42.32267,-71.0781786,6,43
42.3226885,-71.0781786,6,43
42.3230053,-71.0780992,6,44
42.3228042,-71.078222,7,27
42.3229735,-71.0781652,18,49
42.3229406,-71.0781322,18,55
42.3227271,-71.0781214,11,24
42.32267,-71.0781786,20,39
42.3229411,-71.0780564,12,9
42.3229818,-71.0781554,12,21
42.2997171,-71.1016459,0,45
42.3229844,-71.0781456,14,48
42.32267,-71.0781786,5,41
42.3228524,-71.0782134,13,28
42.3228724,-71.0781918,22,30
42.3574733,-71.0586795,1,32
42.3233105,-71.078341,1,40
42.3579549,-71.0575884,1,33
42.322996,-71.0780889,1,49
42.2993919,-71.1021914,2,45
42.3230986,-71.0782737,2,59
42.3234366,-71.0783565,15,24
42.3229852,-71.0781545,16,19
42.32267,-71.0781786,8,53
42.3229892,-71.0781854,9,14
42.32267,-71.0781786,19,38
42.3226739,-71.0782019,10,58
42.3230339,-71.0781657,20,19
42.3233794,-71.0777177,20,29
42.3229844,-71.0781456,12,34
42.322922,-71.0781322,21,50
42.3001422,-71.1025049,22,28
42.3000631,-71.1020406,23,27
42.32267,-71.0781786,3,11
42.3579785,-71.0583777,3,6
42.3582248,-71.058842,4,51
42.3229399,-71.0780685,6,49
42.3229851,-71.078137,12,4
42.3230038,-71.0776556,21,54
42.3227864,-71.0781267,1,0
42.2996668,-71.1014603,22,35
42.3228678,-71.0780698,22,49
42.3226926,-71.0782019,23,38
42.3229844,-71.0781456,15,13
42.3230604,-71.0781454,15,14
42.3230264,-71.0782943,3,5
42.323095,-71.0781707,4,5
42.3226739,-71.0782019,17,21
42.3230244,-71.0781329,6,34
42.3360169,-71.1683779,17,34
42.3360169,-71.1683779,17,34
42.3361368,-71.1688044,17,35
42.3229512,-71.0780858,20,58
42.3227588,-71.0781554,0,16
42.3229631,-71.0781554,13,43
42.3230462,-71.0781641,14,19
42.3229844,-71.078188,22,59
42.3229929,-71.0781669,14,38
42.3579884,-71.0583858,2,2
42.322921,-71.078232,2,19
42.3001223,-71.1023888,23,25
42.3229631,-71.0781554,15,40
42.3229466,-71.0781669,15,41
42.3229631,-71.0781554,15,53
42.3582128,-71.0587723,4,6
42.3230076,-71.0781437,4,43
42.3491934,-71.1299066,4,33
42.3494015,-71.1301472,4,34
42.3500916,-71.13053,4,34
42.3514564,-71.1301029,4,35
42.3528452,-71.1301745,4,36
42.3540667,-71.1301892,4,37
42.3579884,-71.0583858,4,45
42.3226739,-71.0782019,16,55
42.3579969,-71.0583777,5,12
42.3230391,-71.078284,8,49
42.3230896,-71.0781006,19,9
42.3230326,-71.0781646,10,47
42.323015,-71.0781444,10,49
42.3229406,-71.0781322,21,3
42.3229818,-71.0781554,12,24
42.3226739,-71.0782019,0,9
42.2993463,-71.102087,1,19
42.3229548,-71.0780331,14,11
42.3227809,-71.0779749,1,41
42.32267,-71.0781786,2,10
42.299672,-71.1015996,2,59
42.3379951,-71.1532727,2,58
42.3379951,-71.1532727,2,58
42.3379951,-71.1532727,2,58
42.3379951,-71.1532727,2,58
42.338589,-71.152514,2,59
42.338589,-71.152514,2,59
42.3392131,-71.1522138,2,59
42.3400495,-71.1515164,2,59
42.3400495,-71.1515164,2,59
42.3229929,-71.0781669,15,24
42.32267,-71.0781786,8,13
42.322711,-71.0782019,10,23
42.3228146,-71.0781554,21,24
42.323269,-71.0781978,21,58
42.3001422,-71.1025049,22,29
42.2996972,-71.10153,1,16
42.358001,-71.0584009,2,33
42.3231616,-71.0782888,23,39
42.3229266,-71.0782134,18,13
42.32267,-71.0781786,8,58
42.334577,-71.0761512,9,30
42.334577,-71.0761512,9,43
42.334577,-71.0761512,9,55
42.3224884,-71.0782155,10,41
42.3226926,-71.0782019,20,38
42.3227072,-71.0781786,21,43
42.3230272,-71.078209,21,58
42.3231691,-71.0782088,0,59
42.3591637,-71.0595036,1,12
42.2995964,-71.1014836,22,35
42.3583824,-71.0590045,1,46
42.330286,-71.0566599,22,35
42.3302724,-71.0581572,22,38
42.3302114,-71.0569848,22,40
42.3302447,-71.0569616,22,42
42.3318177,-71.0568223,22,44
42.3324331,-71.0567294,22,47
42.3350177,-71.0570776,22,49
42.3375094,-71.0571009,22,51
42.3366731,-71.0560098,22,53
42.3354892,-71.0553831,22,55
42.3001422,-71.1025049,23,6
42.2990228,-71.1017157,23,14
42.2993432,-71.1025049,23,19
42.32267,-71.0781786,2,31
42.3230506,-71.0781488,15,9
42.3229631,-71.0781554,15,28
42.3579677,-71.0584241,4,1
42.3229631,-71.0781554,16,34
42.3230997,-71.0781748,4,48
42.3232633,-71.0781818,19,28
42.3226885,-71.0781786,10,13
42.334577,-71.0761512,10,21
42.334577,-71.0761512,10,26
42.334577,-71.0761512,10,33
42.3228073,-71.0781669,10,42
42.3227072,-71.0781786,20,28
42.3229818,-71.0781554,12,28
42.3328875,-71.0493937,21,57
42.3328982,-71.0493473,22,15
42.3329335,-71.0505312,22,19
42.3323943,-71.0518312,22,21
42.3322404,-71.0520171,22,23
42.3317813,-71.0528063,22,25
42.3313222,-71.0543036,22,27
42.3305201,-71.0553135,22,29
42.3300314,-71.0564742,22,31
42.3301836,-71.0568223,22,33
42.3230541,-71.0781851,14,29
42.3230541,-71.0781887,4,36
42.3229406,-71.0781322,9,18
42.3229631,-71.0781554,10,14
42.3229406,-71.0781322,11,21
42.3226669,-71.0776825,20,54
42.3230865,-71.0781662,12,49
42.3229062,-71.0780394,22,38
42.3231244,-71.0781995,1,56
42.3579884,-71.0583858,1,55
42.3229631,-71.0781554,14,43
42.3579884,-71.0583858,2,45
42.3229339,-71.0782019,18,1
42.32267,-71.0781786,8,58
42.3469661,-71.0287092,18,47
42.3469902,-71.0287467,18,52
42.3345899,-71.0357899,19,2
42.3310006,-71.045633,19,7
42.3213886,-71.0540367,19,12
42.3130669,-71.0518546,19,14
42.2833052,-71.0496103,19,17
42.3226885,-71.0781786,19,43
42.3231127,-71.0781928,10,9
42.3226739,-71.0782019,20,4
42.3230624,-71.0781746,20,14
42.334577,-71.0761512,10,38
42.334577,-71.0761512,10,50
42.3360097,-71.1681735,0,37
42.3360995,-71.1672924,0,37
42.3362092,-71.166213,0,38
42.3372217,-71.1656759,0,38
42.3372217,-71.1656759,0,38
42.3349588,-71.1639722,0,38
42.3349588,-71.1639722,0,38
42.3349588,-71.1639722,0,38
42.3349588,-71.1639722,0,38
42.3341218,-71.1627909,0,39
42.3232081,-71.078345,14,10
42.322711,-71.0782019,22,48
42.32267,-71.0781786,1,48
42.2999713,-71.1021567,23,46
42.3000951,-71.1022288,23,48
42.3229631,-71.0781554,3,41
42.3229929,-71.0781669,15,58
42.3579639,-71.0584009,4,0
42.32267,-71.0781786,5,46
42.3229727,-71.0780789,6,24
42.32267,-71.0781786,8,18
42.3229885,-71.0780858,19,3
42.3226885,-71.0781786,19,10
42.3226739,-71.0782019,11,8
42.3229948,-71.0782067,21,34
42.3125647,-71.0686497,12,17
42.3123422,-71.0614186,12,22
42.3122991,-71.0612213,12,27
42.3122879,-71.0612098,12,33
42.3122825,-71.0613954,12,38
42.3123038,-71.0613025,12,41
42.3124176,-71.0615347,12,47
42.3123064,-71.0612098,12,52
42.3122958,-71.0612561,12,57
42.3123064,-71.0612098,13,2
42.3226885,-71.0781786,22,3
42.32267,-71.0781786,2,48
42.3229631,-71.0781554,15,8
42.3486739,-71.0970473,3,11
42.3486739,-71.0970473,3,11
42.3486953,-71.0976931,3,11
42.3489887,-71.0955147,3,12
42.3489365,-71.0949842,3,12
42.3488726,-71.094925,3,12
42.3488239,-71.0937655,3,12
42.3488281,-71.0926202,3,12
42.3488549,-71.0912315,3,12
42.3488549,-71.0912315,3,12
42.358001,-71.0584009,3,46
42.3461696,-71.0434741,3,23
42.3460211,-71.0434741,3,25
42.3459447,-71.0436249,3,27
42.3459574,-71.0434277,3,32
42.3459561,-71.0436366,3,36
42.3458911,-71.0437991,3,38
42.3460078,-71.0432884,3,40
42.3463083,-71.0446116,3,42
42.3460886,-71.0432735,3,44
42.3447113,-71.0498676,3,46
42.32267,-71.0781786,5,15
42.3230483,-71.0781648,5,23
42.3229631,-71.0781554,6,5
42.32267,-71.0781786,6,32
42.3226885,-71.0781786,18,12
42.3227224,-71.0780156,10,54
42.3232394,-71.0782074,11,34
42.3229672,-71.0781786,12,48
42.3229406,-71.0781322,13,39
42.3229346,-71.0778895,14,54
42.3226885,-71.0781786,23,14
42.326078,-71.0648542,22,47
42.326267,-71.0648195,22,49
42.3260141,-71.0651329,22,52
42.3229473,-71.0763216,22,55
42.3220645,-71.0771341,22,57
42.3221057,-71.0771573,22,58
42.3221011,-71.077784,23,0
42.3220577,-71.0775286,23,2
42.3221266,-71.0773893,23,5
42.3221307,-71.0774125,23,7
42.3229631,-71.0781554,2,11
42.3230586,-71.0781193,23,44
42.3581446,-71.0586446,2,39
42.3579884,-71.0583858,2,44
42.32267,-71.0781786,23,48
42.3504009,-71.1310738,3,3
42.3503779,-71.1288722,3,4
42.3503779,-71.1288722,3,4
42.3504381,-71.1288978,3,4
42.3505487,-71.1282342,3,4
42.3506308,-71.1268806,3,4
42.3506308,-71.1268806,3,4
42.3515161,-71.1253919,3,4
42.3515161,-71.1253919,3,4
42.3520847,-71.1245842,3,4
42.32267,-71.0781786,3,13
42.3581864,-71.0587259,3,19
42.3579732,-71.0584009,4,59
42.358332,-71.0591438,5,36
42.32267,-71.0781786,6,41
42.3229929,-71.0781669,7,18
42.3480249,-71.0660614,6,27
42.340029,-71.0654926,6,29
42.3421748,-71.0589813,6,31
42.3419086,-71.0553599,6,33
42.3454059,-71.0513749,6,36
42.3447017,-71.0399918,6,38
42.3379095,-71.0424991,6,40
42.3329166,-71.0493473,6,42
42.3328875,-71.0493937,6,44
42.332869,-71.0493937,7,11
42.3229631,-71.0781554,7,19
42.3229631,-71.0781554,7,48
42.3230872,-71.0782105,8,59
42.32267,-71.0781786,19,5
42.3227629,-71.0781786,10,53
42.3229333,-71.0781437,11,29
42.3230359,-71.0780947,20,34
42.3229818,-71.0781554,11,43
42.3229818,-71.0781554,12,23
42.3226885,-71.0781786,12,59
42.322711,-71.0782019,13,8
42.3228766,-71.0778879,21,54
42.322946,-71.0779989,2,4
42.3232081,-71.0782574,14,34
42.3000951,-71.1022288,23,38
42.3228866,-71.0781871,23,59
42.3232442,-71.0781198,5,0
42.3229406,-71.0781322,7,28
42.3229406,-71.0781322,21,23
42.2998148,-71.1021102,0,58
42.3230003,-71.0781554,2,25
42.3573488,-71.0591427,2,17
42.32267,-71.0781786,2,56
42.3229631,-71.0781554,16,44
42.2998625,-71.1020638,5,22
42.3600905,-71.0600453,5,52
42.3226739,-71.0782019,17,13
42.3228927,-71.0780609,6,13
42.3233217,-71.0786138,8,16
42.3229631,-71.0781554,8,28
42.3231376,-71.0782849,9,24
42.32267,-71.0781786,9,59
42.322971,-71.0782019,10,18
42.3229485,-71.0781786,10,38
42.3229404,-71.0780863,19,59
42.3233478,-71.078341,0,26
42.3225099,-71.0781267,21,58
42.3540281,-71.0719228,1,4
42.3229631,-71.0781554,14,23
42.322971,-71.0781234,23,9
42.334577,-71.0761512,1,33
42.2996753,-71.1015647,3,1
42.3503486,-71.1096819,3,9
42.3495046,-71.1030538,3,10
42.3495046,-71.1030538,3,10
42.3495046,-71.1030538,3,10
42.3495046,-71.1030538,3,10
42.3486739,-71.0970473,3,11
42.3486739,-71.0970473,3,11
42.3229274,-71.0781279,15,44
42.3229929,-71.0781669,3,26
42.3229514,-71.077963,15,54
42.3579969,-71.0583777,3,48
42.3232216,-71.0782811,16,9
42.3231364,-71.0781775,16,43
42.3229406,-71.0781322,16,43
42.2997104,-71.1017157,5,16
42.32267,-71.0781786,5,34
42.3229461,-71.0781591,5,35
42.32267,-71.0781786,5,40
42.3232045,-71.0785602,5,59
42.3600312,-71.0597473,5,52
42.3229631,-71.0781554,8,3
42.3230222,-71.0781205,18,48
42.3230076,-71.0781437,9,58
42.3229406,-71.0781322,10,43
42.3229818,-71.0781554,12,3
42.3229182,-71.0779403,21,9
42.3226926,-71.0782019,12,49
42.3227072,-71.0781786,21,43
42.3583599,-71.0589813,1,35
42.3579823,-71.0584009,3,35
42.3492977,-71.094719,4,13
42.3488666,-71.0974546,4,14
42.3488666,-71.0974546,4,14
42.3482291,-71.0992214,4,14
42.3379253,-71.1688712,17,56
42.323134,-71.0782043,8,18
42.3233237,-71.0782775,11,59
42.32267,-71.0781786,0,44
42.3229406,-71.0781322,0,45
42.3231691,-71.0782088,0,59
42.2996674,-71.1015183,1,5
42.3229631,-71.0781554,14,8
42.3579639,-71.0584009,2,31
42.3226739,-71.0782019,23,43
42.3230076,-71.0781437,5,6
42.3233795,-71.0783802,18,13
42.3230404,-71.0781854,9,19
42.32267,-71.0781786,19,16
42.3226739,-71.0782019,19,35
42.3231384,-71.078184,11,3
42.3226885,-71.0781786,20,8
42.3230561,-71.0781554,13,4
42.334577,-71.0761512,14,35
42.3228228,-71.0779486,23,19
42.32267,-71.0781786,4,4
42.32267,-71.0781786,6,48
42.3227814,-71.0781786,11,13
42.3230684,-71.0783357,1,25
42.3229421,-71.0780815,15,34
42.3226739,-71.0782019,17,15
42.3497502,-71.0577974,5,59
42.350095,-71.0574259,6,8
42.3505764,-71.0573098,6,10
42.3502014,-71.0596777,6,12
42.3434754,-71.0642043,6,14
42.3428352,-71.0781786,6,16
42.346101,-71.0839353,6,19
42.3459606,-71.0836568,6,21
42.3475911,-71.0788518,6,23
42.3496894,-71.070971,6,25
42.32267,-71.0781786,7,59
42.322616,-71.0780417,19,15
42.3229485,-71.0781786,10,29
42.3226926,-71.0782019,0,53
42.3229558,-71.0781669,13,33
42.3229704,-71.0782158,13,49
42.3230468,-71.0782,2,49
42.3231468,-71.0783055,15,51
42.299634,-71.1022495,3,29
42.2997883,-71.1020638,4,52
42.3583015,-71.059074,5,48
42.3229844,-71.0781456,7,53
42.3236536,-71.0779726,19,53
42.3226739,-71.0782019,20,23
42.322971,-71.0782019,12,53
42.334577,-71.0761512,23,44
42.334577,-71.0761512,23,47
42.334577,-71.0761512,0,10
42.334577,-71.0761512,0,13
42.3229637,-71.0782134,13,13
42.3502854,-71.072886,1,26
42.3579884,-71.0583858,1,57
42.3221216,-71.0772501,1,25
42.3221228,-71.0773662,1,31
42.3221003,-71.077343,1,37
42.3221289,-71.0772384,1,40
42.3221413,-71.0773662,1,42
42.3221453,-71.0773893,1,52
42.3221228,-71.0773662,1,54
42.3221526,-71.0773777,1,56
42.322138,-71.077401,1,58
42.3221228,-71.0773662,2,0
42.3230077,-71.0781976,23,24
42.3511541,-71.116022,3,7
42.3511541,-71.116022,3,7
42.3511541,-71.116022,3,7
42.3509433,-71.1149364,3,7
42.3507092,-71.1125252,3,8
42.3505124,-71.1109798,3,8
42.3505124,-71.1109798,3,8
42.3230239,-71.0781573,3,20
42.3580162,-71.0584356,3,21
42.3226885,-71.0781786,4,5
42.3228204,-71.0780446,5,48
42.3500526,-71.0572866,5,18
42.3497502,-71.0577974,5,20
42.3497686,-71.0577974,5,29
42.3497502,-71.0577974,5,31
42.3497686,-71.0577974,5,41
42.3497502,-71.0577974,5,43
42.3497686,-71.0577974,5,51
42.3498366,-71.0574681,5,53
42.3497686,-71.0577974,5,55
42.3497502,-71.0577974,5,57
42.3229844,-71.0781456,7,36
42.3230143,-71.0782335,7,54
42.32267,-71.0781786,9,3
42.3230377,-71.0782835,9,4
42.3229844,-71.0781456,11,33
42.3231353,-71.0783525,12,44
42.3226739,-71.0782019,23,5
42.3229631,-71.0781554,16,3
42.2996211,-71.1017917,5,31
42.3230195,-71.0781784,17,15
42.3229631,-71.0781554,6,33
42.3229883,-71.0782785,6,46
42.3230076,-71.0781437,9,8
42.32267,-71.0781786,19,36
42.3227629,-71.0781786,11,53
42.3230402,-71.0780626,20,53
42.334577,-71.0761512,0,30
42.3001026,-71.1022727,22,31
42.2995475,-71.1025049,22,32
42.2993752,-71.1023656,22,36
42.3574733,-71.0586795,1,32
42.3228749,-71.0782366,23,58
42.3579969,-71.0583777,5,4
42.3229819,-71.078183,17,7
42.3230805,-71.0782943,5,33
42.3583865,-71.0590276,5,49
42.3229406,-71.0781322,17,50
42.3229893,-71.0782414,8,10
42.3230397,-71.0782091,8,24
42.32267,-71.0781786,19,23
42.3226123,-71.0780267,10,2
42.3230599,-71.0780746,20,49
42.3229818,-71.0781554,12,20
42.3230772,-71.0781645,22,9
42.2997923,-71.102087,1,17
42.334577,-71.0761512,13,39
42.334577,-71.0761512,13,52
42.3229929,-71.0781669,14,18
42.3488926,-71.0901689,3,12
42.3490523,-71.0890917,3,12
42.3494537,-71.086872,3,13
42.3494537,-71.086872,3,13
42.3494537,-71.086872,3,13
42.3498041,-71.0857398,3,13
42.3498041,-71.0857398,3,13
42.3511556,-71.0884408,3,15
42.3511556,-71.0884408,3,15
42.3511556,-71.0884408,3,15
42.3553592,-71.0517385,3,49
42.3593365,-71.0541577,3,51
42.3569233,-71.0610009,3,54
42.3522152,-71.0646221,3,56
42.3516714,-71.0640998,3,58
42.3517051,-71.0641347,4,0
42.3516746,-71.064065,4,2
42.3516972,-71.0640883,4,4
42.3515623,-71.063299,4,6
42.3515439,-71.063299,4,8
42.323167,-71.0786076,5,51
42.3230591,-71.0784283,9,34
42.3233443,-71.07806,10,3
42.3232929,-71.0781215,19,36
42.32267,-71.0781786,19,58
42.3230057,-71.0781224,11,54
42.3229672,-71.0781786,12,43
42.3230961,-71.0781061,21,59
42.3426625,-71.1437541,3,0
42.3436171,-71.1428358,3,0
42.3436171,-71.1428358,3,0
42.3485355,-71.1400129,3,1
42.3484204,-71.1402206,3,1
42.3483527,-71.1402258,3,1
42.348423,-71.1401167,3,1
42.3504009,-71.1310738,3,3
42.3504009,-71.1310738,3,3
42.3504009,-71.1310738,3,3
42.3231218,-71.0782414,4,2
42.3229631,-71.0781554,4,34
42.3226739,-71.0782019,18,7
42.3231381,-71.0782773,8,34
42.3231889,-71.0782443,19,12
